<?xml version="1.0" encoding="UTF-8"?>
<beans:beans xmlns="http://www.springframework.org/schema/mvc" xmlns:xsi="http://www.w3.org/2001/XMLSchema-instance" 
	xmlns:beans="http://www.springframework.org/schema/beans" xmlns:task="http://www.springframework.org/schema/task" 
	xsi:schemaLocation="http://www.springframework.org/schema/mvc http://www.springframework.org/schema/mvc/spring-mvc-3.2.xsd
		http://www.springframework.org/schema/task http://www.springframework.org/schema/task/spring-task-3.2.xsd
		http://www.springframework.org/schema/beans http://www.springframework.org/schema/beans/spring-beans-3.2.xsd">

	<!-- DispatcherServlet Context: defines this servlet's request-processing infrastructure -->

	<!-- Resolves views selected for rendering by @Controllers to .jsp resources in the /WEB-INF/views directory -->
	<beans:bean class="org.springframework.web.servlet.view.InternalResourceViewResolver">
		<beans:property name="prefix" value="/WEB-INF/views/" />
		<beans:property name="suffix" value=".jsp" />
	</beans:bean>

	<!-- Imports user-defined @Controller beans that process client requests -->
	<beans:import resource="controllers.xml" />

	<!-- Local -->
	<beans:bean id="messageSource" class="org.springframework.context.support.ReloadableResourceBundleMessageSource">
		<beans:property name="basename" value="classpath:messages" />
		<beans:property name="defaultEncoding" value="UTF-8" />
	</beans:bean>

	<beans:bean id="localeResolver" class="org.springframework.web.servlet.i18n.CookieLocaleResolver">
		<beans:property name="cookieName" value="myAppLocaleCookie"></beans:property>
		<beans:property name="cookieMaxAge" value="3600"></beans:property>
	</beans:bean>

	<interceptors>
		<beans:bean class="org.springframework.web.servlet.i18n.LocaleChangeInterceptor">
			<beans:property name="paramName" value="locale" />
		</beans:bean>
	</interceptors>

	<!-- Ensures that any resource requests not handled by Spring MVC mappings will be delegated back to the Servlet container -->
	<default-servlet-handler />

	<!-- Handles HTTP GET requests for /resources/** by efficiently serving up static resources in the ${webappRoot}/resources directory -->
	<resources mapping="/staticResources/**" location="/resources/" />

</beans:beans>